{
    "total_runtime": 1285.6822140216827,
    "num_documents": 1,
    "input_load_time": 0,
    "workflows": {
        "create_base_text_units": {
            "overall": 0.9669620990753174,
            "0_create_base_text_units": 0.9657258987426758
        },
        "create_final_documents": {
            "overall": 0.007024288177490234,
            "0_create_final_documents": 0.005640983581542969
        },
        "create_base_entity_graph": {
            "overall": 758.5581250190735,
            "0_create_base_entity_graph": 758.5565750598907
        },
        "create_final_entities": {
            "overall": 0.03293633460998535,
            "0_create_final_entities": 0.031195878982543945
        },
        "create_final_nodes": {
            "overall": 0.13340497016906738,
            "0_create_final_nodes": 0.13146615028381348
        },
        "create_final_communities": {
            "overall": 0.0682671070098877,
            "0_create_final_communities": 0.06612920761108398
        },
        "create_final_relationships": {
            "overall": 0.03400993347167969,
            "0_create_final_relationships": 0.031395912170410156
        },
        "create_final_text_units": {
            "overall": 0.0160977840423584,
            "0_create_final_text_units": 0.013190746307373047
        },
        "create_final_community_reports": {
            "overall": 516.3833360671997,
            "0_create_final_community_reports": 516.3795258998871
        },
        "generate_text_embeddings": {
            "overall": 8.322596073150635,
            "0_generate_text_embeddings": 8.319428205490112
        }
    }
}