{
    "total_runtime": 142.72655200958252,
    "num_documents": 1,
    "input_load_time": 0,
    "workflows": {
        "create_base_text_units": {
            "overall": 0.8451008796691895,
            "0_create_base_text_units": 0.8438410758972168
        },
        "create_final_documents": {
            "overall": 0.008228778839111328,
            "0_create_final_documents": 0.006957054138183594
        },
        "create_base_entity_graph": {
            "overall": 81.15805792808533,
            "0_create_base_entity_graph": 81.15669417381287
        },
        "create_final_entities": {
            "overall": 0.026723146438598633,
            "0_create_final_entities": 0.024975061416625977
        },
        "create_final_nodes": {
            "overall": 3.712441921234131,
            "0_create_final_nodes": 3.7105448246002197
        },
        "create_final_communities": {
            "overall": 0.05743598937988281,
            "0_create_final_communities": 0.05527496337890625
        },
        "create_final_relationships": {
            "overall": 0.02882218360900879,
            "0_create_final_relationships": 0.026547908782958984
        },
        "create_final_text_units": {
            "overall": 0.013134002685546875,
            "0_create_final_text_units": 0.01057887077331543
        },
        "create_final_community_reports": {
            "overall": 49.726134061813354,
            "0_create_final_community_reports": 49.7232940196991
        },
        "generate_text_embeddings": {
            "overall": 6.027536153793335,
            "0_generate_text_embeddings": 6.024369955062866
        }
    }
}